<?xml version="1.0" encoding="UTF-8"?>
<config xmlns="http://www.knime.org/2008/09/XMLConfig" xmlns:xsi="http://www.w3.org/2001/XMLSchema-instance" xsi:schemaLocation="http://www.knime.org/2008/09/XMLConfig http://www.knime.org/XMLConfig_2008_09.xsd" key="model.xml">
    <entry key="version" type="xint" value="1"/>
    <entry key="class_name" type="xstring" value="org.knime.base.data.normalize.NormalizerPortObject"/>
    <config key="model">
        <config key="columns">
            <config key="ï»¿Area">
                <entry key="column_name" type="xstring" value="ï»¿Area"/>
                <entry key="column_scale" type="xdouble" value="0.09442870632672333"/>
                <entry key="column_translate" type="xdouble" value="-1.0"/>
                <entry key="column_min" type="xdouble" value="0.0"/>
                <entry key="column_max" type="xdouble" value="1.0"/>
            </config>
            <config key="Perimeter">
                <entry key="column_name" type="xstring" value="Perimeter"/>
                <entry key="column_scale" type="xdouble" value="0.2066115702479339"/>
                <entry key="column_translate" type="xdouble" value="-2.56404958677686"/>
                <entry key="column_min" type="xdouble" value="0.0"/>
                <entry key="column_max" type="xdouble" value="1.0"/>
            </config>
            <config key="Compactness">
                <entry key="column_name" type="xstring" value="Compactness"/>
                <entry key="column_scale" type="xdouble" value="9.074410163339385"/>
                <entry key="column_translate" type="xdouble" value="-7.333030852994558"/>
                <entry key="column_min" type="xdouble" value="0.0"/>
                <entry key="column_max" type="xdouble" value="1.0"/>
            </config>
            <config key="Kernel Length">
                <entry key="column_name" type="xstring" value="Kernel Length"/>
                <entry key="column_scale" type="xdouble" value="0.5630630630630631"/>
                <entry key="column_translate" type="xdouble" value="-2.758445945945946"/>
                <entry key="column_min" type="xdouble" value="0.0"/>
                <entry key="column_max" type="xdouble" value="1.0"/>
            </config>
            <config key="Kernel Width">
                <entry key="column_name" type="xstring" value="Kernel Width"/>
                <entry key="column_scale" type="xdouble" value="0.712758374910905"/>
                <entry key="column_translate" type="xdouble" value="-1.87455452601568"/>
                <entry key="column_min" type="xdouble" value="0.0"/>
                <entry key="column_max" type="xdouble" value="1.0"/>
            </config>
            <config key="Asymmetry Coefficient">
                <entry key="column_name" type="xstring" value="Asymmetry Coefficient"/>
                <entry key="column_scale" type="xdouble" value="0.13002379435436687"/>
                <entry key="column_translate" type="xdouble" value="-0.09948120506052609"/>
                <entry key="column_min" type="xdouble" value="0.0"/>
                <entry key="column_max" type="xdouble" value="1.0"/>
            </config>
            <config key="Kernel Groove Length">
                <entry key="column_name" type="xstring" value="Kernel Groove Length"/>
                <entry key="column_scale" type="xdouble" value="0.49236829148202865"/>
                <entry key="column_translate" type="xdouble" value="-2.2250123092072878"/>
                <entry key="column_min" type="xdouble" value="0.0"/>
                <entry key="column_max" type="xdouble" value="1.0"/>
            </config>
            <config key="Class">
                <entry key="column_name" type="xstring" value="Class"/>
                <entry key="column_scale" type="xdouble" value="0.5"/>
                <entry key="column_translate" type="xdouble" value="-0.5"/>
                <entry key="column_min" type="xdouble" value="0.0"/>
                <entry key="column_max" type="xdouble" value="1.0"/>
            </config>
        </config>
        <entry key="summary" type="xstring" value="Min/Max (0.0, 1) normalization on 8 column(s)"/>
    </config>
</config>
